{
	"credit": "Made with Blockbench",
	"texture_size": [32, 32],
	"textures": {
		"0": "kates/cane",
		"particle": "kates/cane"
	},
	"elements": [
		{
			"from": [0, 0, 0],
			"to": [2, 2, 16],
			"faces": {
				"north": {"uv": [2, 2, 3, 3], "texture": "#0"},
				"east": {"uv": [0, 0, 8, 1], "texture": "#0"},
				"south": {"uv": [2, 3, 3, 4], "texture": "#0"},
				"west": {"uv": [0, 1, 8, 2], "texture": "#0"},
				"up": {"uv": [1, 10, 0, 2], "texture": "#0"},
				"down": {"uv": [2, 2, 1, 10], "texture": "#0"}
			}
		}
	],
	"gui_light": "front",
	"display": {
		"thirdperson_righthand": {
			"rotation": [158, 0, 0],
			"translation": [7, -9, -2.5]
		},
		"thirdperson_lefthand": {
			"rotation": [158, 0, 0],
			"translation": [-7, -9, -2]
		},
		"firstperson_righthand": {
			"rotation": [100, 0, 0],
			"translation": [13, -10, 0]
		},
		"firstperson_lefthand": {
			"translation": [0, -1.25, 0]
		},
		"ground": {
			"translation": [0, 9.75, 0]
		},
		"gui": {
			"rotation": [90, -45, 90],
			"translation": [-4.75, 5, 0]
		},
		"head": {
			"translation": [6.75, 14, 0]
		},
		"fixed": {
			"rotation": [90, 45, 0],
			"translation": [4.75, 5, 8]
		}
	}
}